BUNNumber,SiteName
3500780,Abels Hill
3500866,Carrick - Agfest
3500779,Dicks Bank
3500836,Mt Blackwood TAS
3500828,Avoca TAS
3500811,APSLAWN
3000270,Doncaster East
3000287,Doncaster
3000311,Rosanna
3501137,Eurobin
3501178,Dartmoor
3500076,Carrickalinga
3501058,Mt Big Ben - Vodafone
3500163,Port Victoria
3502733,ELEPHANT PASS ROAD
3400428,Laurel Vale
3500615,Elphinstone
3500703,Alligator Creek
3500388,Boggabilla
3502226,Gravesend
3400126,Foster North
3500642,DIAMOND CREEK QLD
3500054,Warooka
3000034,Waikerie
3500694,Fernvale
3400542,Foster North
3500262,Gayndah
3200512,Kadina VF
3502734,SEYMOUR_TAS
3502743,CHAIN OF LAGOONS
3400069,Warooka (Agile)
3200550,Lady Bay VF
3500159,Delamere
3500212,Clarendon township
3400073,Tintinara (Agile)
3500110,PARAWA
3500187,PORT CLINTON
3500953,Wangaratta Hospital
3501047,Wangaratta South
3251541,Glenhope
3000027,Kadina
3000735,Minlaton
3200513,Moonta VF
3400148,Mt Stradbroke 2
3251650,Greysholm
3400470,Coondle
3000169,Mt Marshall
3000172,Stanthorpe
3200491,Mt Braeside VF
3200494,Cottonvale VF
3502577,Ballidu
3200647,Wundowie VF
3500264,Warwick CBD
3500613,Pratten
3500616,Killarney
3200648,Northam VF
3501599,Northam Central
3502032,Glenn Innes Central
3501655,TOODYAY NTH
3502448,NORTH KELLERBERRIN
3502481,MOLLERIN
3000171,Warwick
3500173,Glenroy
3502012,Darawank
3500233,Dululu
3500397,EDUNGALBA
3000422,Mt Toolebewong
3501927,Kootingal
3501370,Nyah West
3501431,Sandhurst
3502182,Calga
3502241,Lue
3000066,Edithburgh
3000028,Yumali
3000029,Culburra
3500003,Mt Gambier North
3500010,Naracoorte CBD
3500059,Nangwarry
3000065,Stansbury
3500039,Darlington
3000156,Ballina
3000350,Hastings
3200017,Mt Pleasant VF
3200144,Ballina VF
3200161,Alstonville VF
3200213,Hastings VF
3200216,Tecoma VF
3501684,Geraldton Airport
3200627,Two Rocks VF
3200143,Grafton VF
3500739,Teven
3501262,Kerang East
3501007,Westmere
3501015,Cohuna
3503256,Donald 2
3501581,Jurien
3501616,Green head
3501617,Cataby
3501618,Moora
3501620,Eneabba
3501622,Mullewa
3501623,Greenough
3501624,Warradarge
3501651,WANNAMAL
3501659,Webberton
3501665,Dandaragan
3501681,New Norcia
3502030,Orange East
3502164,Mogriguy
3502236,Lismore Industrial
3502245,Nymboida
3502246,Billys Creek
3502294,Lismore Uni
3502477,BADGINGARRA EAST
3502479,ELLENDALE SOUTH
3501594,Wonthella
3500860,Kingsmeadow shopping mall
3000146,Underwood
3500390,High Hill
3000015,Angaston
3000022,Clare
3500100,Clare NW
3501529,Collie Power Station
3500855,Devonport North
3000402,Swan Reach
3000510,Beaufort River
3200149,Singleton VF
3200603,Collie VF
3400094,Bornholm
3400099,Mt Warrnambool
3400127,Granite Rock
3400308,Jacup
3400567,Clare
3400582,Mount Raymond
3400597,Yarrahapinni 54m
3500013,Black Springs
3500153,Clare CBD
3500164,Saddleworth
3502017,Herons Creek
3500735,Bowraville
3502176,Kew NSW
3500952,Kialla East
3501088,Shepparton North
3501140,Kialla
3501147,Nagambie
3501148,Kialla West
3501186,Darnum
3501260,Fort King
3501274,Noorinbee North
3501275,Barnsdale East
3501276,Wy Yung
3501277,Barnsdale South
3501625,Lower King
3501430,Warragul West
3501455,Long Gully
3501576,Kojonup North
3501606,BEDFORD HARBOUR
3501612,Hopetoun WA
3501613,Bremer Bay
3501626,Darkan
3501661,Griffin Coal
3501667,Wandering
3000586,Mt Yarrahapinni
3501998,Port Macquarie Oxley Hwy
3000656,Nambucca Heads
3502020,Port Macquarie Settlement City
3502069,YARRABANDINNI
3502098,MOUNT SEAVIEW
3502138,Hibbord
3502173,Cairncross
3502174,Rainbow Flat
3502177,Clybucca
3502192,Telarah
3501597,Pink Lake (Chadwick)
3502224,Trundle
3502250,Hickeys Creek
3502261,Hat Head
3502314,Emerald Downs
3502329,Oxley Hwy
3502371,Lake Cathie
3502397,Bairnsdale Dargo Rd
3502426,Parkes Logistic Hub 1
3502468,Maitland Showground
3502561,GILLIESTON
3502741,LAKE TOWERRINNING
3502742,MEEKING
3502843,Shepparton City North
3000414,Port Fairy
3250476,Rocky Mountain
3500085,Tanunda CBD North
3502025,Valla Beach Town
3000587,Buckombil
3000588,Maclean
3200158,Woodburn VF
3200159,Maclean VF
3200160,Broadwater
3251455,Telegraph Point (Solar)
3400558,Banyabba 12.9m
3400559,Banyabba 30m
3400560,Banyabba 42m
3502257,Iluka
3502058,Woodburn South
3502059,Evans Head Town Nth
3502562,Doonbah
3500469,Southside
3200461,Sarina VF
3502407,Moe North
3400367,Gunalda
3500389,Kingfisher Bay
3400369,Long Flat North
3250921,Mermaid Beach
3500463,North Monkland
3400538,Reedy Creek
3000086,Robina
3500647,Rolleston Township
3500718,Rollestone Mine
3500603,Stephens
3500401,Theodore
3400366,Widgee
3502449,CADIA SOUTH EAST
3000229,Glen Geddes
3000228,Marlborough
3500294,Ballina CBD
3500909,Swan Hill East
3501011,Glenthompson
3501355,Pyramid Hill
3501014,Mystic Park
3500269,Capella
3502009,Bathurst Central West
3400106,The Bluff
3400556,Mount Tassie 53m
3500189,HAMLEY BRIDGE
3500754,East Side
3000234,Alice Springs
3502629,Colebee
3502632,Heddon Greta
3501171,Dunkeld
3000175,Murgon
3000281,Tecoma
3000284,Somerville
3000555,Curtis
3000556,Bywong Hill
3000558,Mt Lambie
3000621,Riverstone
3000672,Mt Rogers
3000771,Cundumbal
3200015,Quakers Hill VF
3200110,Mt Victoria 2 VF
3200120,Prospect (NSW) VF
3200127,Wallsend VF
3200138,Kurri-Kurri VF
3200183,Enchanted Hill VF
3200190,Annangrove VF
3400096,Mt Hamilton
3400585,Rifle Range Road
3400832,Rouse Hill  ALT
3400833,Riverstone ALT
3000409,Great Western
3500392,HARLIN
3500489,Benarkin
3500607,Esk Town
3500640,Proston East
3500641,KILKIVAN
3500767,Lake Bennett
3501019,Stuart Mill
3501395,Lake Boga
3501181,Ardno
3501184,Carapook
3501206,Koondrook
3501371,Boort
3501372,Quambatook
3501415,Navarre
3501419,Watchem
3501531,Cervantes
3501615,Leeman
3501828,Fadden
3501906,Manar North
3501986,Watertrough Hill
3502001,Dubbo East
3502015,Lithgow Hospital and Bowenfels
3502024,Millfield
3502034,Casino North
3502044,Edgeworth South
3502056,Oberon O Connell Rd
3502068,Bungendore West
3502080,Harwell Place
3502109,JOHNS PLACE
3502148,Mulbring
3502155,Londonderry South
3502166,Wongarbon
3502184,Cessnock West
3502185,Fennell Bay
3502210,Wallerawang
3502216,Nth Casino/Bentley
3502256,Molong
3502309,Googong
3502321,Dubbo West
3502349,Gwandalan
3502357,Gundaroo
3502484,LAGUNA
3502587,Goorooyorroo
3502634,Morisset East
3502730,CUDGEGONG STATION
3502782,Riverstone West Conurbation
3502791,South Penrith
3503167,Emu Plains Rail Station
3502689,Wellard North
3400051,Mt Pleasant (Agile)
3500689,Texas
3251652,Yelarbon
3502239,Armidale Uni
3502128,Lucas Heights West
3502267,Armidale West
3502061,Gol Gol
3501188,Kilmany
3200069,Terrey Hills VF
3502206,Binnaway
3502225,Baradine
3200358,Underwood VF
3400541,Gosford 2GO
3501775,Niagara Park
3502081,BUTTONDERRY ROAD
3502082,PACIFIC HIGHWAY 6
3502736,KANCOONA
3200096,Toukley VF
3502083,PACIFIC MOTORWAY 1
3501358,Harrow
3501359,Apsley
3501375,Hotspur
3501406,Ensay
3501418,Tambo Crossing
3501424,Mt Hotham Airport
3501446,Morkalla North
3500876,East Burwood
3501407,Glenorchy
3500295,Broadbeach Shops
3400312,Bouldercombe
3200167,Murrambateman VF
3500393,Gunters Hill
3501363,Mount Clear
3501921,Young North
3502004,Young Central
3502288,Galong
3501782,Bathurst Commercial West
3502005,Orange Woodward Street
3502039,Warrandine
3502291,Greenethorpe
3502421,Lucas
3501985,Wandandian
3502016,Manyana
3500650,Keppel Sands
3502814,MONARTO SOUTH
3502072,BOUNDARY RD MITCHELL
3502581,Yello Creek Rd - Yass
3501261,Boorool
3000233,Mt Domville
3500554,Amamoor
3500656,Bingham
3500471,Booral
3500370,Emu Mt
3500442,Federation Park Maryborough
3200389,GIlldora VF
3200470,Howard VF
3500714,Imbil
3500674,Noosaville Central
3500644,Poona
3400368,Tinana West
3500575,Torbanlea Township
3200469,Torbanlea VF
3500470,Wondunna
3500325,Bokarina
3501874,Woodbine
3501943,Kearns
3502084,PACIFIC MOTORWAY
3502750,Leppington Conurbation
3502060,Buronga
3502067,Moss Vale South
3400451,Walligan
3300281,Terrey Hills
3251542,Jeraly Hill (Rookery)
3251543,Yonga
3251547,Mallee Cliffs
3400052,North Marion Bay (Agile)
3400075,Coonalpyn (Agile)
3400056,Stansbury (Agile)
3400071,Tailem Bend (Agile)
3500105,COOKE PLAINS
3500560,Mooloolah Valley
3000109,Caboolture
3400608,Trentham Cliffs
3400089,Lameroo  (Agile)
3000325,Moe Hill
3000362,Mildura
3400851,Murray Bridge West
3500561,Glass House Mt Village
3000583,Glen Innes
3500589,Currimundi West
3000539,Pendle Hill
3251448,Newell Hwy 3
3000703,Foster North
3000651,Unanderra
3000293,Mount Eliza
3500300,Pacific Harbour
3500369,Dakabin East
3500481,Beerwah Township
3500534,Ningi East
3500559,Dakabin Industrial
3500580,Bellmere Nth
3500584,Oakey Flats
3500588,Sandstone Point Sth
3500675,Kallangur South
3500950,Mildura South West
3500954,Traralgon North
3501043,Mildura North
3501044,Moe East
3501102,Newborough
3501103,Churchill Town
3501105,Traralgon South
3501129,Alberton
3501130,Mt Hoddle
3200287,Fairfield VF
3000264,Dandenong
3501200,Venus Bay
3501282,Cardross
3000451,Hampton Park West
3000304,Dandenong North
3200056,Seven Hills VF
3000397,Dandenong South
3501451,Rawson
3000437,Tyabb
3501468,Morwell East
3252059,Dandenong South
3501934,Moree Plains
3400130,Yallourn North
3200122,Wentworthville VF
3502380,Burpengary Rail
3200239,Seaford VF
3501361,Mildura Airport
3300184,Seven Hills
3502851,Traralgon West
3503018,Newborough Central
3000068,Capalaba
3000120,Toowoomba
3000126,Samford
3000132,Eight Mile Plains
3000184,Deagon
3400910,KANAHOOKA
3000214,Bannockburn
3000217,Bridgeman Downs
3502642,Narangba Rail
3501150,Mernda
3501151,Mt Caroline
3000187,Burbank
3501293,TALLAROOK NORTH
3501329,Baxter
3501438,Doreen South
3500600,Maryborough South
3000276,Hallam
3000286,Mooroolbark
3000290,Research
3501459,Frankston Central
3501486,Lynbrook
3502455,Somerville Central
3502663,Mernda Central 2
3000273,Mornington
3000334,Croydon
3000253,Heidelberg
3000424,Kilsyth
3000254,KEW
3000274,Mt Martha
3000337,Surrey Hills
3000410,Ringwood North
3000373,Richmond North
3000425,Wandin
3000435,Olinda East
3000307,Waverley North
3000463,South Perth
3000478,Balcatta
3000464,Oconnor
3000467,Riverton
3000490,Mindarie
3000468,Morley
3000309,Bundoora
3000483,North Perth
3000499,Como
3000591,Bendemeer
3000699,Duri CEV
3000500,Mt Lawley
3000501,Mount Street
3000579,Coffs Harbour
3000722,Mt Ommaney North
3000731,Beckenham
3200009,Holt VF
3000734,West Swan
3000763,Orange Grove
3000776,Somerton
3200222,Croydon North VF
3000387,Balwyn
3200227,Endeavour Hills VF
3000374,Thornbury
3200241,Kilsyth East VF
3200262,Bayswater VF
3501053,Sale West
3000382,Blackburn
3000388,Ivanhoe
3200283,Ringwood VF
3200294,Yarra Glen VF
3000436,Somerton
3000455,Kingsbury East
3000441,Reservoir West
3200311,Wheelers Hill VF
3200372,Mount Tamborine VF
3200410,Belmont VF
3200456,Pinjarra Hills VF
3500075,Angaston North
3400088,Loxton  (Agile)
3000012,McLaren Vale
3000019,Yatala Vale
3200436,Aspley VF
3200501,Mannum VF
3200443,Arana Hills VF
3200450,Eight Mile Plains VF
3000020,Murray Bridge 2 (CEV)
3200598,Melville VF
3200599,Ocean Reef VF
3200613,Bentley VF
3200614,Victoria Park VF
3200624,Myaree VF
3200626,Edgewater VF
3200653,Ellenbrook VF
3200639,Malaga VF
3250603,Montrose
3250663,Diamond Creek
3000482,Kelmscott
3200223,Bundoora VF
3200238,North Canterbury VF
3200263,Mornington VF
3200280,Heidleberg Heights VF
3252204,Belmont Park
3400018,Winton
3200327,Kilmore VF
3300120,Mountain Gate
3400007,Osborne Park Main Street
3200528,Willunga VF
3200531,Port Elliot VF
3200535,Angaston VF
3200545,Mt Barker West VF
3200552,Goolwa VF
3400565,Bruxner Park (TV)
3400047,Edithburgh (Agile)
3400870,Hilton Alt
3400892,Chirnside North
3400908,Henley Brook
3200304,Mill Park VF
3200308,Doncaster East VF
3400503,West Lakes
3400850,Mt Barker South
3500021,One Tree Hill
3500090,Gawler Central
3500171,Roseworthy
3500231,Karana Downs
3251510,Murray Bend
3500311,Proserpine North
3400050,Coonarie Hill (Agile)
3500329,Mt Gravatt
3500358,Ashmore and Nerang
3500366,Bray Park
3500405,Mingela
3500408,Mt Samson
3500426,Hay Point
3500428,Jacobs Well
3500458,Dalby South
3500459,Homestead
3500467,Rural View
3500468,Slade Point Nth
3500508,CARSELDINE STATION
3500512,MACKAY MARINA
3501388,Romsey Central
3501434,Pakenham East
3252105,Kew Golf Club
3501437,Greenvale Reservoir
3200644,Banjup VF
3200651,Port Kennedy VF
3200654,Naval Base VF
3300050,Fairfield
3400122,Two wells (ABB)
3401210,Lalor Rail
3501541,Karragullen
3501548,Mirrabooka
3400373,Waitpinga
3401215,Roxburgh Park East -V
3501139,Pheasant Creek
3501435,Craigieburn North Central-O
3501583,North Ellenbrook2
3501591,Maddington South
3501608,GREENWOOD EAST
3501654,South Chittering
3501670,Butler
3501678,Morley West
3501682,Neaves Rd West
3501696,Lesmurdie Falls
3501703,Butler North
3501712,Malaga West
3501717,West Swan South
3501785,Calala (Tamworth)
3501875,Crace
3501994,Armidale North Hill
3502002,Inverell Central
3501161,Carwap
3502219,Tingha
3502221,Delungra
3502243,Ashford
3502266,Nundle
3502285,Coutts Crossing
3502287,Elsmore
3502293,Invergowrie
3502303,Wollomombi
3501439,Langwarrin North
3502501,Ormeau Hills
3502566,Gembrook South
3502591,LYSTERFIELD WEST 2
3500328,Carina
3501443,Frankston North East
3501511,Bullcreek
3501553,Labouchere Rd
3502612,Brendale East
3000085,Molendinar
3501474,Wallan Township
3500172,Lewiston
3500190,FREELING
3500403,Moranbah East
3500482,Mt Cotton East
3500605,Redland Bay East-O
3500614,Glenden
3500623,Rockville
3500626,Slade Point
3500629,Seaforth
3500646,Conway
3500653,Dingo Beach
3500660,Cannonvale
3500682,Strathpine CBD
3500699,Walkerstone
3500700,Sarina South
3500701,Mirani
3500728,Kingsthorpe
3500729,Wyreema & Cambooya
3500730,Lilyvale
3500731,Helidon Central
3500894,Beaufort
3501489,Mernda North
3501515,Mandurah East
3500946,Pakenham Racecourse Tynong
3500957,The Basin
3501555,Mundijong
3500969,Wantirna North
3501029,Beaufort Central
3501559,Greenfields
3501569,Bouvard
3502422,Delacombe North
3502617,Canadian
3501132,Dixons Creek
3501133,Buxton
3501135,Yeringberg
3501136,Healesville
3000283,Montmorency
3200281,Tooronga VF
3500945,Newington
3500965,Lalor West
3501167,Halls Gap
3501189,Macclesfield
3501192,Gembrook
3501199,Pakenham Upper
3501064,Preston East
3501070,Fawkner Cemetry
3501246,Badger Creek - O
3501279,Silvan
3501280,Emerald North
3501281,Guys Hill
3501072,Kensington East
3501116,Langwarrin East
3501314,ARARAT TOWNSHIP
3501142,Dysart Siding
3501332,Pakenham Central East
3501348,Wonga Park North -O
3501562,Mariginup
3501602,BUTCHER ROAD
3501149,Kilmore
3501657,Upper Swan
3501152,Craigieburn North
3500191,HANDORF SOUTH
3501153,Yan Yean
3500654,Rode Shopping Centre
3502640,TILLYROEN ROAD
3501235,Osborne
3501245,Forest Hill-GF
3502684,Ballajura North
3502623,GLENDALOUGH SOUTH
3502722,VIVEASH
3502773,Mirrabooka North
3401203,Bulleen Alt
3502878,Kelmscott South
3502880,Beenleigh Line
3501285,Heidleberg West Central
3502718,Cannington Central
3500205,Kapunda Township
3500222,Blakeview
3200548,Mt Barker East VF
3500175,Alford
3500309,Clermont South
3501193,Yelta
3503263,Angle Vale East
3502852,Byford West
3000033,Penola
3500064,Lucindale
3502931,Centenary Heights Central
3502936,Gordon Pk Nth
3000107,Loganlea
3000112,Buderim
3251673,Henry Creek
3000181,Beerburum
3000124,Hope Island
3501217,Stradbroke
3000130,Bundall
3000105,Hillcrest
3000133,Tanah Merah
3000135,Arundel
3000145,Yeppoon
3000170,Kalbar
3000183,Merrimac
3000205,Logan Village
3000157,Lismore CEV
3000207,Munruben
3501221,Underbool
3000118,Mt Stuart
3000291,Brighton (Vic)
3000131,Surfers South
3000327,Sale
3501295,WALLAN STATION
3000517,Collaroy
3501977,Blackbutt
3000282,Hawthorn
3501222,Murrayville
3000303,Bentleigh East
3000364,Kyeamba
3000625,Ingleside
3000371,Balaclava
3000396,Croydon South
3502191,Springhill - Wollongong
3000457,Whitten Oval
3000529,Peakhurst
3000542,Wetherill Park
3000438,Seville South
3000544,Padstow
3501227,Merbein
3200030,Warriewood VF
3000623,Quakers Hill
3200026,North Rocks VF
3000607,Smithfield (NSW)
3000616,Jamisontown
3200038,Smithfield VF
3200043,Macquarie Fields VF
3000624,Oxford Falls
3000655,Bungendore
3000659,Lemon Tree Passage
3000768,Alfred Town
3000778,Mt Walker
3200171,Burngoogee VF
3200212,Anglesea VF
3200145,Lismore VF
3200072,Peakhurst VF
3200119,Chullora VF
3200224,Collingwood VF
3200275,Fitzroy North VF
3200394,Glass House Mountain VF
3200468,Tiaro VF
3200310,Bentleigh East VF
3500176,Clay Wells
3200369,Runaway Bay VF
3200373,Sanctuary Cove VF
3501263,Robinvale Irrigation District
3251516,Newell Hwy 5
3501278,Sale North
3501351,Maffra Central
3200401,Labrador VF
3501377,Seaspray
3501394,Robinvale Central
3501447,Cullulleraine
3200229,Brighton (Vic) VF
3200230,Hampton VF
3200288,Bentleigh VF
3200447,Shailer Park VF
3200485,Kinduro VF
3501448,Mallee Cliffs
3200192,Bidwill VF
3501449,Pirlta North
3502435,ROBE TOWNSHIP
3000001,Glynde
3000010,Gawler South
3000050,Clarendon
3501499,Longford South East
3501846,Wakehurst Parkway
3200500,Kersbrook VF
3300318,Oatlands
3502008,Gunnedah CBD
3251665,Cunninghams Gap East
3200404,Gaven VF
3300158,Jan Juc
3300162,Hoppers Crossing 2
3300268,Castlereagh
3501322,Beveridge 2
3501903,Castle Hill East
3200425,Heathwood VF
3400156,Tregeagle
3200426,Redbank VF
3400170,Isaacs
3400171,Oak Hill
3501604,LAKES ROAD
3400235,Kin Kin
3300131,Keysborough
3400261,Mermaid Waters 1
3502204,Barraba
3200668,Smithfield West VF
3400356,Fernleigh
3502205,Bingara
3400531,Port Kembla
3400537,Habana North
3502229,Burren Junction
3400835,Wolffdene ALT
3502281,Baan Baa
3400121,Malalla
3502295,Pilliga
3502120,Berala
3500192,Murray Bridge CBD
3401206,Gawler Showgrounds
3500004,Mt Torrens
3502606,Palmwoods
3502636,South Cryon
3500041,Wingfield
3500046,Hope Valley West
3500063,Nuriootpa CBD
3500078,Nuriootpa Township
3502046,Eastern Creek M7
3503266,Enterprise Drive
3500080,Port Lincoln South
3500081,Port Parham
3500094,Lewiston West
3500132,Cowell
3500133,Arno Bay
3500135,Port Neil
3500161,Wild Horse Plains
3501380,Letts Beach
3500170,INglewood
3500289,Frenchville
3500319,Yandina
3500338,Daisy Hill
3500353,Harbourtown
3500383,Bromelton
3500399,Mt Morgan
3500931,Robinvale
3500421,Kunda Park
3500495,EBENEZER_QLD
3500496,GATEWAY MOTORWAY
3500501,BANKSIA CRESENT
3500504,BEENLEIGH CENTRAL
3502097,M2 NORTH CARLINGFORD
3500521,Horizon Shores
3500527,Carrara Sth
3500528,Cedar Grove
3500529,Yatala Industrial
3501207,Loch Sport
3400321,East Richmond
3500556,Peak Crossing
3500579,Beaudesert CBD
3500710,Bargara
3500657,Boyne Island Relocate
3500581,Loganholme West
3500709,Branyan
3500620,Bundy East
3502904,Woodpark East
3500695,Rosewood
3500705,Oak Valley
3500648,Burrum Heads
3500706,Alice River
3500651,Elliot Heads
3503170,Kalkie West
3500928,Albert Park Lake
3501092,Coode Island
3500643,Buxton
3251519,Newell Hwy 7
3500257,Benaraby
3200472,Bingera VF
3501173,Coleraine
3501125,Lilydale
3501268,Bright West
3000188,Forest Glen
3501046,Sale RAAF
3502424,Ashfield South
3501190,Woori Yallock
3200067,Beacon Hill VF
3501191,Yarra Junction
3200178,Jerrawangala VF
3251522,Newell Hwy 10
3500632,Underwood South
3000345,Mt Beauty
3501718,Yangebup East
3502616,Bundoora RMIT 2
3400005,Ashville Hill
3500649,EAST ILBILBIE
3400464,Moolyung
3251524,Balladoran
3501292,YARRAMAN STATION
3501326,Kensington South
3501338,Lyndhurst Station
3501344,HOPPERS CROSSING EAST-O
3400003,Mt Stanley
3500005,Goolwa
3500040,Murray Bridge East
3500066,Karoonda
3500069,Talinga
3500188,MALLALA
3500115,MYPOLONGA
3500237,Alexandra Headland
3500461,Kalkie
3500522,Landsborough CBD
3501350,Lilydale East
3500637,Westwood North
3500645,Turkey beach
3500720,Telina-Glen Eden
3501441,VIC Univ-Werribee CampusO
3501476,Williams Landing
3501484,Dandenong South Central
3501157,Wangaratta East
3501485,Hallam South
3500906,Ashburton
3501168,Edenhope
3501175,Pinaster Park
3501744,Alstonville South
3502207,Mendooran
3501182,Wilkin
3502233,Collie NSW
3502284,Cassilis
3502319,Clifton Grove
3501183,Wannon
3502320,Glenroi
3502346,Raglan
3501212,Dederang
3501920,Corlette
3501321,TOOLONDO
3502161,Bargo North
3502013,Bonegilla
3502043,Boat Harbour
3502364,Mittagong Town
3200529,Woodcone Hill VF
3502583,Sussex Inlet Central
3500084,Wallaroo North Beach
3501265,Horsham West
3500009,Port Broughton
3200471,South Gregory VF
3500022,Wallaroo
3200473,West Childers VF
3500425,Woodgate
3501218,Falls Creek Ski Patrol
3000045,Yankalilla
3400348,Exeter
3501518,Katanning
3501566,Corrigin
3502075,THE HOMESTEAD
3502132,Bungendore South
3501627,Cuballing
3501639,Westdale
3501653,Brookton
3502133,Salt Ash
3502252,LIMEKILNS
3502151,Mallabula
3502739,DALE RIVER
3502162,Anna Bay
3502163,Bobs Farm
3502806,DONGOLOCKING NORTH
3502524,Torquay West
3502607,DANDENONG RAIL
3502809,STRATHERNE
3502646,Beaconsfield West
3500207,Greenhill
3502810,WAMENUSKING
3000594,Parkes
3000226,Carmila
3200083,Guildford VF
3400087,White Hill  (Agile)
3500438,Callemondah
3000267,Carrum Downs
3400114,White Hill (ABB)
3000341,Bon Beach
3000361,Swan Hill
3000535,Forestville
3000559,Bathurst
3000561,Kuring-Gai
3000562,Cowan
3200066,Granville VF
3000551,Razor Back
3000298,Cranbourne
3000584,Mudgee
3000518,Concord
3200052,Dee Why VF
3000626,Luddenham
3000610,Granville
3200079,East Lindfield VF
3000715,Orchard Hills
3200088,Mt White VF
3200089,Old Sydney Town VF
3200092,Umina VF
3200095,MacMasters Beach VF
3200097,Kincumber VF
3200121,Roselands VF
3000650,Cromer
3000615,Mays Hill
3200073,Berowra VF
3300284,Glenmore Park
3200207,Cranbourne VF
3250244,Kurrajong Heights
3251492,Kangaroo Valley
3300336,Kurrajong Heights Hub
3400828,Cranbourne East Central
3400163,Kojonup South
3500381,Gladstone North
3500619,Clinton
3500622,Kalka
3500398,Kalapa
3500815,Fingal
3500574,Kin Kora
3200349,George Town VF
3501163,Piangil
3502818,KIPPA RING RAIL
3501219,Manangtang
3501400,Booroopki
3200567,Middle Range Hill VF
3500028,Balaklava
3501742,Belrose
3501862,Berowra
3200480,Mt Larcom VF
3502662,Donnybrook 2
3501984,Comberton
3500211,McLaren Flat
3501987,Bomaderry
3502037,Nowra Hill Central
3502038,Nowra South Hospital
3502078,POINT ROAD
3502137,Nowra South
3502160,Douglas Park
3502672,Alfredton Reserve
3502171,Mulgoa East
3502178,Asquith Station
3502189,Picton Road 2 - Wollongong
3502271,Bathurst V8
3502282,Running Stream
3502296,Rockley
3502339,Nowra West
3502457,Casey Stadium
3502558,Yarwun
3400532,Westmead UWS Campus
3000313,Armadale
3503166,Diddillibah
3400555,Mount Tassie 90m
3502862,WATTLE FLAT
3401216,Kilsyth South
3502648,Norman Gardens East
3500448,West Gladstone
3502859,ORCHARD HILLS NORTH
3502941,Oak Flats - Dunmore Railway
3503049,Bomaderry Plaza
3000599,Thredbo
3501876,Mitchell
3000162,Mt Kanigan
3501259,Alexandra East
3501223,Wodonga West
3501878,HAWKER
3000557,Katoomba
3000346,Eildon
3000322,Wangaratta
3000635,Dee Why
3503273,Beenleigh East
3000340,Springhurst
3000575,Taree
3000619,Kellyville
3000671,Red Hill (ACT)
3000657,Blayney
3000662,Glossodia
3000665,Deakin
3000674,Isaacs Ridge
3000685,Cattai Ridge Road
3000697,Cattai
3200007,Weston VF
3000710,Carnes Hill
3200078,Ingleburn VF
3000773,Greghamstown
3000774,Burnt Yards
3200117,Camden VF
3500224,Happy Valley South
3200011,Fadden VF
3200197,Westleigh VF
3502599,WUDINNA CENTRAL
3502987,Munno Para West
3200331,Mt Glenrowan VF
3502264,Frederickton
3200080,Ryde VF
3500186,FOUNTAIN
3400024,Learmonth
3300264,North Ryde
3200108,Lawson VF
3200191,Winston Hills VF
3200562,Woodside VF
3500156,Owen
3501327,Lake Mountain
3500391,Woodford West
3500717,D aguilar
3200508,Mt Benson VF
3502200,Kempsey North
3500992,Barnawartha Township
3501034,Taggerty
3501042,Mansfield Central
3501048,Waldara
3501138,Corryong
3501213,Tallangatta
3501267,Corryong Town
3501305,Baranduda Range
3500288,Moranbah Southwest
3500099,Moonta Bay North
3501376,Whitfield
3501398,Wangaratta Nth West
3501409,Goroke
3400111,Owen
3501445,Tangambalanga
3500102,Tailem Bend East
3501823,North Baulkham Hills
3501855,ELS Hall Park
3400228,Bouvard
3400120,Eudunda
3502014,Baranduda
3502147,Chapman
3502165,The Oaks
3502248,COLO HEIGHTS
3502318,Millthorpe
3502328,HillEnd
3502331,Thredbo CBD
3502333,Wodonga Biralee
3502347,Eglinton
3400834,Yarralumla ALT
3502352,Normanhurst West
3502539,FRANCESCO CRESENT
3501410,King Valley
3502603,ROCK FOREST
3503181,RHYNIE
3501992,Kenthurst North -O
3501031,Mt Baw Baw
3000042,Seppeltsfield Southcorp Winery
3501134,Mt Dom Dom
3501030,NOOJEE
3500087,Mount Gambier Airport
3000756,Port Augusta West
3500079,Port Hughes
3000174,Shute Harbour
3500488,SugarLoaf
3502023,Tamworth East Piper Street
3000230,The Caves
3000658,Uralla
3500312,West Hill
3502350,MQU_Campus-O
3502597,CRAIG AVENUE
3502986,Strathalbyn South
3501211,Ballarat West
3000567,Dudley
3501563,Secret Harbour
3501980,Blacksmith
3502170,Mt Hutton
3502746,Gateshead
3200577,Howard Springs VF
3501879,Caves Beach West
3200050,St Ives VF
3501532,Southern Cross
3501621,Wongan Hills
3501634,Kalannie
3501636,Moorine Rock
3501637,Burracoppin East
3502478,CADOUX
3502480,KOOMBERKINE NORTH
3500809,MILTON VINEYARD
3500840,Bridport
3500813,Scamander
3500814,St Marys
3502740,GHOOLI
3500816,Swansea
3000242,Launceston North
3500803,Hadspen
3500805,RAVENSWOOD EXCHANGE
3500851,Symmons Plains
3200082,Northmead VF
3502286,Cumnock
3500490,Benair
3000049,Eden Valley
3000318,Bendigo
3000358,Portland
3500791,Forth
3000661,Medowie
3200031,Ashfield 2 VF
3200109,Faulconbridge VF
3200133,Cardiff VF
3251589,Orbost
3252092,Bendigo South
3400100,Port Fairy 1
3400104,Mt Clay
3400105,Jones Ridge
3400108,St Helens
3400109,Mt Tauras
3400262,Mt Warrnambool 2
3400502,Mount Clay-35m
3500738,Nanango
3500763,Knuckey Lagoon
3500771,Coconut Grove
3500777,Bakewell
3500790,Latrobe Central
3000176,Kingaroy
3500462,Kingaroy Central
3500870,LaTrobe
3500920,Waygara
3501012,Hummocks
3501032,GLENMAGGIE
3501290,TYRENDARRA
3501352,Marlo
3501378,Cashmore
3501384,Portland 2
3501420,Port Fairy Central
3501465,Bendigo Central
3501838,Singleton North
3501839,Singleton South East
3501873,Maryland
3501908,Brunkerville
3501911,Mickibri
3502136,West Belford
3502180,Belmont South
3502183,Cardiff
3501288,Point Danger
3502242,Mumbil
3502283,Cargo
3502297,Stuart Town
3502299,Tullamore
3502330,Pt Macq Water Res
3502353,West Wallsend
3502367,Weston NSW
3502619,Golden Square
3502724,Bennets Green
3501287,Portland North
3200045,Balmain VF
3200106,Springwood (NSW) VF
3501185,Orbost
3501208,Mount Richmond
3501216,Nirranda South
3502194,Warners Bay
3502208,Yeoval
3502560,Branxton Greta South
3000398,Hurtsbridge
3501209,Sebastopol
3501001,Delacombe
3502671,Alfredton South
3400070,Yorketown (Agile)
3200255,Brighton East VF
3502436,YUNTA
3200510,Waikerie VF
3501412,McLoughlins Beach
3501683,Neaves Rd East
3501691,Stirling
3502290,Graman
3501170,Bellbrae South
3200324,Wandong VF
3501196,Welshpool
3502202,Coolah
3500154,Mt Barker CBD
3000681,Fairview
3200180,Sugarloaf Mountain VF
3000305,Fitzroy
3000411,Clifton Hill
3502274,One Tree Hill ACT
3000189,Rothwell
3000295,Brunswick
3500049,Verdun
3500688,Rathdowney
3501106,Phillip Island GP Track
3400019,Woolomin
3000227,St Lawrence
3500400,MOUNT BENN
3501234,Latrobe Uni East
3000565,Kangy Angy
3502447,HILL RIVER SOUTH
3502209,Kandos/Rylstone
3501619,Badgingarra
3400125,Bruthen
3500810,COOMBEND ESTATE
3502735,CRAY CT
3000129,West End
3000079,Buranda
3000081,MacGregor
3000094,Red Hill (Qld)
3500259,River Terrace
3500304,The Gap East - O
3000308,Glen Iris
3000312,Southbank
3000383,Keysborough Shopping Centre
3000419,Murrumbeena
3200058,Hornsby VF
3200070,Oxford Falls VF
3200077,Pymble VF
3200084,Turramurra Shops VF
3200198,Macquarie Park M2 VF
3400210,The Junction
3500880,Campbellfield
3500985,Sunshine Exchange
3501057,Woodend
3501460,Thompson Parkway SC
3501524,East Cannington
3501946,Mount Annan
3502277,Wicks Rd
3502832,Tarneit South
3501115,Skye Central
3200150,Goonellabah VF
3200399,Warana VF
3200147,Broken Hill VF
3501690,Bulgarra
3000032,Naracoorte
3000168,Mt Isa
3000173,Emerald
3000324,Camp Hill (Vic)
3000332,Creightons
3000344,Lakes Entrance
3000495,Kalgoorlie
3000504,Carnarvon
3000600,Perisher
3000677,Kianga
3000750,Bredbo
3000777,Tooborac
3200333,Sale VF
3200479,Gin Gin VF
3200630,Kambalda VF
3200632,Mt Godard VF
3251530,Tocumwal
3400566,City Lookout
3400590,Timbury Hills
3500077,Roxby Downs Airport BTS
3500136,Tumby
3500139,Streaky Bay
3500145,Minnipa
3500168,Macgillivray
3500382,Great Keppel Island
3500180,Parndana
3500322,Ernest Henry Village
3500406,Cloncurry
3500465,Port Douglas Marina
3500466,Port Douglas Ramada
3500696,Wondai
3501642,Karratha Industrial
3500826,Queenstown
3500850,Waratah Tas
3500864,Newstead
3501574,Kalgoorlie West
3501640,Cable beach
3501679,Rottnest West
3501915,Bourke
3502571,CDU Katherine
3300465,Leopold
3400162,Moresby Range
3400310,Nambung
3400324,Canley Vale (EJV)
3400528,Mt Madden
3400948,Yanchep GC
3401191,Maddingley West
3502381,Colac South
3502540,Fannie Bay West
3502647,Burdell
3502706,Lake Albert South
3502716,Carnegie Rail
3503019,Sunbury South Central
3503045,Dubbo Wellington Rd
3503083,Wimbledon Heights
3500994,12 Apostles
3500830,Alonnah
3501558,Anniebrook
3501146,Baddaginnie
3500912,BARKLY ST WAHGUNYAH
3503272,Bonville
3501671,Broadwater WA
3501783,Broulee
3500818,Buckland
3501402,Bundalong
3501512,Busselton East
3501702,Capel Replacement
3200660,Carbunup VF
3000606,Cooma
3502065,Cooma North
3500819,Copping
3200661,Cowaramup VF
3000676,Cullendulla
3500147,Cummins
3501918,Denhams Beach
3500868,Devon Hills
3400227,Dunsborough South
3501565,Eagle Bay
3502237,Emerald Beach
3000008,Sheidow Park
3000016,Willunga
3501145,Euroa North
3000026,Lochiel
3000063,Marion East
3000116,Henley Hill
3000127,Mt Gravatt East
3000158,Byron View
3000167,Ayr
3000236,Howard Springs
3000237,Mt Direction
3000279,Bacchus Marsh
3000292,Black Rock
3000329,Derrimut
3000342,Loka
3000349,Flinders
3000352,Anglesea
3000353,Lorne
3000356,Colac
3000360,Echuca
3000363,Holbrook
3000365,Kyabram
3000395,Humphreys Hill
3000412,Little River
3000430,Deer Park Central
3000449,Clayton North
3000466,City Beach
3000476,Munster
3000488,Koondoola
3000511,Newport NSW
3000516,Balgowlah
3000549,Toongabbie
3000553,Freestone
3000554,Goulburn
3000564,Kincumber
3000569,Broken Back
3000570,Gan Gan (NSW)
3000571,Gan Gan (NSW) 2nd site
3000572,Nerong
3000580,Woolgoolga
3500113,FARM BEACH
3000598,Eden
3000601,Mundoonen
3000602,Yass
3000604,Gundagai
3000633,Maitland
3000663,Bellingen
3000678,Glenugie
3000698,Henty
3000733,South Bellevue
3000740,East Arm
3000748,The Rock
3200035,Londonderry VF
3200051,Frenchs Forest VF
3200059,Bilgola VF
3200129,Mt Nelinda VF
3200135,Murwillumbah VF
3200136,Raymond Terrace VF
3200139,Telarah VF
3200140,Rothbury VF
3200153,Tumut VF
3200162,Mullumbimby VF
3200163,Burringbar VF
3200164,Curlewin VF
3200169,Black Trig VF
3200170,Bijengum VF
3200172,Mt Raven VF
3200175,Cobargo VF
3200179,Springvale VF
3200184,Gibraltar
3200185,Livingstone Hill VF
3200186,Harnett Trigg VF
3200211,Jan Juc VF
3200214,Somers VF
3200215,Little River VF
3200221,Mount Moriac VF
3200231,Cowes VF
3200270,St Albans South VF
3200297,Drysdale VF
3200313,Red Hill South VF
3200315,Point Leo VF
3200319,Benalla VF
3200321,Maryborough VF
3200322,Eaglehawk VF
3200332,Mt Lady Franklin VF
3200339,Cambridge VF
3200342,Opossum Bay VF
3200346,New Norfolk VF
3200347,Lauderdale VF
3200350,Sorell VF
3200353,Mt Faulkner VF
3200433,Minden VF
3200462,Mossman VF
3200463,Mingela VF
3200464,Macrossan VF
3200484,Baratta VF
3200549,Moon Hill VF
3200574,Marrara VF
3200576,Humpty Doo VF
3200579,Berry Springs VF
3200604,Margaret River VF
3200664,Donnybrook VF
3200665,Manjimup VF
3200682,Lennox Head
3250370,Rankin
3250468,Tall Pines
3500213,Glossop
3250841,Richmond
3251507,Junee
3251525,Newell Hwy 14
3251535,Collingullie
3251550,Halfway Creek (Solar)
3251578,Tallabung Mountain
3251584,Grasstree
3251594,Nagambie
3251601,Cobram
3251605,Deakin University
3251606,Wallan
3251658,El Arish
3252270,Seacliffe Park
3300130,Cranbourne
3300135,Balnarring
3300140,Little River
3300151,Drysdale
3300153,Connewarre
3300466,Portarlington
3400057,Camel Hill (Agile)
3400082,Black Hill (Agile)
3400090,Cobbora
3400097,Mt Shadwell 1
3400098,Mt Shadwell 2
3400102,Hicks Hill
3400103,Warrnambool (Vic Park)
3400107,Port Campbell
3400110,Teringle Tower (adelaide hills)
3400118,Macaw Hill
3400119,Peters Hill
3400174,Mt Brokenback
3400183,Springbrook Lookout
3400224,Port Geographe
3400232,Margaret River South
3400233,Clare QLD
3400313,Augusta Town
3400329,Mena Creek
3400361,Atherton North
3400422,Karridale (ALT-1)
3400474,Baringhup
3400536,Mt Cainbable
3400540,Bombala
3400543,Geneva Hill
3400546,Mount Broughton 24m
3400547,Mount Roberts
3400548,Mount Stuart 74.5m
3400549,Mount Stuart 62.1m
3400550,Mount Stuart 5.3m
3400564,Bruxner Park (Radio)
3400574,Mount Major 15m
3400576,Mount Major 5m
3400578,Mount Moombil 60m
3400586,Springbrook 40m
3400587,Springbrook 24m
3400599,Point Lookout
3400601,South Grafton 21m
3400602,South Grafton 36m
3400932,Seaford Heights
3400934,Shoreham
3400943,West Tallebudgera
3401189,Edinburgh North
3500012,Spalding
3500024,Hallett
3500034,Regency Park
3500035,Old Reynella
3500037,Seaford
3500050,Mylor
3500051,Nairne
3500052,Upper Sturt
3500065,Morgan
3500068,Swan Reach
3500091,Noarlunga Station
3500093,Honeymoon
3500096,Georgetown
3500097,Woodchester
3500107,WINNINOWIE
3500120,PARUNA
3500142,Wirrabara
3500143,Laura SA
3500158,Carpenter Rocks
3500160,Bow Hill
3500177,Melrose
3500178,Montacute
3500218,Elizabeth Park
3500285,Chapel Hill
3500302,Currumbin South
3500310,Mission Beach South
3500326,The Gap North
3500350,Redcliffe
3502074,GUMLY GUMLY
3500384,Kooralbyn
3500386,Sleepy Hollow
3200187,Gygederick Hill VF
3500415,Deep Gorge
3500422,Chinderah
3500427,Gordonvale
3000359,Hamilton
3500445,B1066_Banyo West
3500451,Townsville CBD West
3500491,Dingo Pocket
3500493,Belvedere
3500502,TAMBORINE SOUTH
3500511,RUSSELL ISLAND 2
3500520,Cowley Replacement
3500525,Ipswich Sth
3500536,Hemmant
3500558,Walloon
3500562,Mountain Creek West
3500567,Bohle Plains
3500578,Centenary Park Sth
3500596,McLeod Hills
3500598,Annandale nth
3500610,Bluewater Park
3500611,Babinda CBD
3500618,Yuleba
3500627,Kirwan
3500628,Macleay Island
3500634,Gordonvale CBD
3500635,Kurrimine
3500636,Malanda
3500638,Mutchilba
3500655,Flying Fish Point
3500659,Forrest Beach
3500664,Coffs Harbour Commercial
3500665,Flinders View
3500683,Cape Tribulation
3500684,Condamine
3500687,Millaroo
3500690,Deeragun
3500691,Douglas
3500692,Wulguru
3500704,Clare
3500707,Lucinda
3500721,Clohesy
3500722,Kuranda
3500724,Silkwood
3500734,Jackadgery
3500737,Picnic Bay
3500747,Berrimah
3500752,Millner
3500757,Moil
3500758,Charles Darwin Uni
3500761,Litchfield
3500762,Wagait Beach
3500764,LAMBELLS LAGOON
3500765,Archer
3500766,Batchelor
3500768,Darwin River
3500770,Leanyer North
3500785,Somerset
3500798,Quoin Mt
3500804,YOLLA
3500848,Kettering
3500820,Dodges Ferry
3500823,Shefield
3500829,Nubeena
3500831,Hamilton TAS
3500833,Snug
3500835,Irishtown
3500837,National Park
3500841,Lindisfarne Water To
3500843,Bothwell
3500845,Edgcumbe Beach
3500849,Maydena
3500852,Miena
3500859,Firthside
3500869,Green point / Bridgewater
3500916,Peterborough
3500918,You Yangs
3500919,Hillside
3500921,Inverloch East
3500935,Tooradin
3500936,Creswick
3500943,Murchison Central
3500947,Bass Hill
3500948,Warracknabeal
3500955,Warragul Central
3500959,Lorne Central
3500963,Maddingley
3500983,Portarlington Beach -O
3500991,Highton
3500995,Allansford
3501000,Alfredton
3501004,Meredith
3501005,Cressy
3501006,Pura Pura
3501009,Branxholme
3501010,Macarthur
3501013,Sealake
3501016,Birchip
3501018,Wedderburn
3501020,Maldon
3501021,Castlemaine
3501022,Bagshot North
3501023,Wall Crossing
3501024,Rushworth
3501025,Barmah
3501026,Wonwondah
3501027,Pimpino
3501028,Lexton
3501033,Swanpool
3501035,Echuca South
3501036,New Gisborne
3501038,Kirwans Bridge
3501039,Kyneton West
3501040,Lake Wendouree North
3501041,Longerenong
3501045,Nagambie Township
3501050,Chewton
3501051,Clarkefield
3501052,Bacchus Marsh South
3501056,Yarrawonga East
3501060,Dingley Village
3501062,Derrimut North
3501084,Footscray East
3501087,Shepparton East
3501090,Derrimut
3501099,Pentland Hills Bridge
3501109,Gordon
3501112,Lang Lang
3501113,Tullamarine West
3501118,Torquay CBD
3501122,Wycheproof
3501123,Culgoa
3501126,Anderson Hill
3501128,Newhaven
3501131,Cape Schanck
3501141,Wandong
3501143,Mangalore
3501144,Longwood
3501154,Patho
3501155,Strathmerton
3501156,Axedale
3501158,Lancefield
3501159,Marong
3501160,Derby
3501162,Kardella
3501165,Hopetoun
3501166,Pyalong
3501169,Caramut
3500788,Legana
3501172,Strathdownie
3501174,Speed
3501176,Lismore
3501177,Darlington
3501179,Barwon Heads
3501180,Smythesdale
3501194,Gerang Gerung
3501195,Melton South
3501197,Mittyack
3501198,Yea Township
3501201,Dixie
3501202,Melton North
3501204,Flowerdale
3501210,Wendouree North
3501214,Woomelang
3501215,Rupanyup
3501220,Rainbow
3501224,Maryborough West
3501229,Cobden
3501230,Timboon
3501231,St Albans Park
3501232,Rosebud East
3501236,Brooklyn West-GF
3501249,Summerlands
3501250,Tongala
3501254,Lorne North
3501255,Inverloch West
3501256,Manor Station
3501257,Tuerong West
3501258,Dandenong West
3500821,Little Swanport
3501264,Chocolyn South
3501266,Wyuna
3501269,Laharum
3501270,Kyabram South
3501271,Clunes
3501272,Haddon North
3501273,St Leonards West
3501283,Ardmona
3501284,Whiteheads Creek
3501286,Cannons Creek
3501289,Jackass Flats
3501291,PARWAN NORTH
3501294,MITCHELL PARK
3501296,RIVALEA HUNTLY NORTH
3501298,ST ANDREWS BEACH
3501299,BENDIGO SHOWGROUND
3501301,WAUBRA
3501302,AMPHITHEATRE
3501303,LAKE MERAN
3501304,2 MACS FARMS
3501306,INGLISTON
3501307,RAVENSWOOD SOUTH
3501308,KYNETON 2
3501309,MACEDON 2
3501310,LONGWARRY
3501311,GARFIELD
3501312,EAST WARRAGUL
3501315,LANGI KAL KAL PRISON
3501316,CALDER HIGHWAY (SITE 1)
3501317,GRENVILLE
3501318,BARFOLD
3501319,GRAYTOWN
3501320,TOOLLEEN
3501328,Glenburn Replacement
3501330,Waurn Ponds
3501336,Highton West
3501339,Ballan
3501343,WERRIBEE CEMETERY-O
3501345,ST ALBANS WEST-O
3501347,Balmoral Park -O
3400231,Margaret River North
3501354,Lockington
3501356,Ultima
3501357,Minyip
3501360,Huntly
3501362,Ballarat North
3501364,Drouin
3501366,Mt Macedon central
3501367,Maiden Gully
3501368,Dalyston
3501369,Barooga
3501373,ALMONDS
3501374,KATAMATITE
3501379,Dingee
3501381,Rhyll
3501382,Warneet
3501383,Clifton Springs
3501385,Winchelsea Town
3501386,Creswick Central
3501387,Riddels Creek
3501389,Garfield-Bunyip
3501390,Snake Valley
3501391,Murtoa
3501392,trentham
3501393,Newstead
3501396,Merrigum
3501397,Tallygaroopna
3501399,Beulah
3501403,Powers Creek
3501404,Byrneville
3501405,Chillingollah
3501408,Goldsborough
3501411,Lorquon West
3501413,Mitiamo
3501416,Simpson
3501417,St Germains
3501421,Strathfieldsaye Vic
3501422,Lavers Hill
3501423,Yuulong
3501450,Stonehaven
3501452,Durdidwarrah
3501453,Corinella
3501454,Junortoun
3501463,Rokewood
3501464,Aus Automotive Research Centre
3501466,Eureka
3501467,Strathdale
3501483,Notting Hill Replacement
3501487,Safety Beach Central
3501490,Brookfield
3501492,Elmore Central
3501494,Indented Heads
3501509,Picton
3501526,Woodvale
3501528,Mt Oakover
3502070,MERRINDAL PARK
3501544,Yangebup
3501564,Muchea
3501567,Witchcliffe
3501572,Yanchep East
3501584,Burnside
3501590,Redgate
3501628,Dwellingup
3501630,Boyup Brook
3501632,Boyanup
3501644,Eaton
3501650,CHITTERING
3501658,Capel East
3501668,Bunbury Central
3502036,Moruya Central
3501674,Baldivis South
3502116,Moruya Town
3501925,Mossy Point
3501685,Port Geographe
3501698,Wanneroo North
3501710,Alkimos
3501719,Eglinton
3501745,Suffolk Park
3501748,Harrington
3501779,Thornton
3501802,Cosgrove Hill
3501900,Finley
3501905,Nords Wharf
3501907,Goolgowi
3501912,Corobimilla
3501914,Trangie
3501924,Forbes South
3501993,Mulwala
3501969,Symonston
3502018,Muswellbrook South
3501995,Winders Hill -O
3501996,Forster Stockland
3501999,Batemans Bay Edgewood
3502003,Muswellbrook Central
3502007,Cowra CBD
3502011,Jerrys Plains
3502019,Jindera
3502021,Scone Race Course
3502022,Seaham
3502026,Wagga Showgrounds
3502027,Wisemans Ferry Rd
3200534,Nuriootpa VF
3502031,Taree North
3501926,Old Bar
3502049,Murwillumbah West
3502055,Gillieston Heights
3502057,Lake Cargelligo Central
3502062,Toothdale
3502063,Angledale
3502064,Stroud Town
3502029,Old Bar Township
3500226,Olympic Dam
3502071,BOOKHAM
3502073,ABERDEEN
3500802,Orford
3502076,BONGALONG
3502077,RIVALEA REDLANDS
3502085,TEMORA WEST
3502086,TRUNGLEY HALL
3502087,SPRINGDALE
3502095,RAVENSWORTH FARM-O
3502104,MT MARY
3502105,ANEMBO
3502106,MOUNT BODANGORA
3502107,ROUCHEL BROOK
3502129,Mt Majura
3502146,Lambton
3502157,Russell Offices
3502158,Narellen Town Centre
3502167,Paddys River
3502168,Towrang
3502175,Burdekins Gap
3500577,Pine Creek
3502187,Greenwich South
3502196,Tamarang Town Repeater
3502203,Manilla
3502231,Manildra
3502211,Lockhart
3502212,Barellan
3502213,Tharbogang
3502214,Yenda
3502215,Rappville
3502217,Bonalbo
3502218,Glenreagh
3502222,Mt Douglas
3502223,Adelong
3502227,Nana Glen
3502228,Coleambally
3502230,Barmedman
3502232,Ulan
3502235,Byron Bay Industrial
3502238,Mullumbimby CBD
3502244,Urbenville
3502247,Stroud
3502249,Urana
3502251,Womboota
3502253,Copmanhurst
3502254,Culcairn
3502255,Oaklands
3502260,Holbrook Town
3502263,Yanco
3502268,Coffs West
3502280,Adaminaby
3502289,Ganmain
3502298,Tamarang Town
3502300,Uki
3502304,Wyangala
3502305,Yarramalong
3502322,Narriah Mountain
3502323,Rankins Springs
3502324,Beelbangera
3502325,Mangoplah
3502327,Ariah park
3502334,Singleton Central
3000006,Elizabeth South
3502369,Lloyd
3502420,Willunga East
3502423,MITCHELL PARK NORTH
3502428,Thurgoona North
3502432,Mt Isa North
3502450,ROSEWOOD NSW
3502451,Griffith Murrumbidgee Ave
3502460,Armstrong Creek South
3502463,Melton North West
3502486,LANKEYS CREEK
3502494,POORAKA NORTH
3502537,North Narooma
3502559,Moonee Beach
3502312,Amaroo
3200005,Belconnen VF
3502563,SANDIGO STURT HWY
3502564,Tuerong
3502567,Wonthaggi North
3502573,Girraween
3502575,COUANGALT ROAD
3502579,Arrawarra Headland
3502580,Wingham Central
3502582,Waterview Heights (Grafton)
3502584,Junee West
3502586,Millers Forest
3502598,Heathridge
3502600,YARRABAH SOUTH
3502602,TANJA
3502645,Rosslea East
3502657,Edmonton South
3502751,Elizabeth Field
3502752,Mansfield Park
3502763,Truganina East
3502764,Marshall North
3502779,BILGOLA 2
3502793,Coburg North2
3502794,GUNN POINT
3502795,MURDANNA EAST
3502796,PROSSER RIVER
3502797,COLEBROOK
3502802,MT BRUNO
3502803,NELSON VIC
3502816,Banora Point East
3502820,Redbank Plains West
3502876,Dianella South
3502930,Carrum Downs Industrial
3503085,Moama
3503196,Alkimos Central
3503267,Mount Duneed North
3503268,Harrison School
3500025,Port Macdonnell
3501353,Princetown
3500057,Renmark North
3500789,Sassafras Tas
3503262,Taree Cundletown
3500817,Triabunna/Orford
3501300,WINTON RACEWAY
3500822,Woodbridge
3501889,Woolgoolga Central
3500185,Yinkanie
3502262,Yoogali North
